{
  "image_size": [
    1920,
    1080
  ],
  "K": [
    [
      678.9094280322483,
      0.0,
      963.0281057169834
    ],
    [
      0.0,
      677.97941805127,
      563.6935816999224
    ],
    [
      0.0,
      0.0,
      1.0
    ]
  ],
  "dist": [
    0.03445741546881645,
    -0.05711470904549814,
    0.0005838923219725458,
    0.00038779296341359427,
    0.011379063813159436
  ],
  "fov_horizontal_deg": 109.46430420761234,
  "fov_vertical_deg": 77.07354662316676,
  "fov_diagonal_deg": 97.88238714938845,
  "reprojection_error_px": 3.0503465065167896,
  "pattern_inner_corners": [
    28,
    20
  ],
  "square_mm": 6.521739130434782,
  "n_frames": 25
}