{
  "a": -0.10500888932363876,
  "b": 0.01151937767154955,
  "r_min": 0.09003352051703242,
  "r_max": 0.4431480554621314,
  "n": 185,
  "n_bins": 36,
  "rmse_m": 0.0031439910101612014,
  "bin_w_m": 0.01
}