{
  "translation": [
    -0.08770523965358734,
    0.14375422894954681,
    1.4330363273620605
  ],
  "rotation": [
    0.011356452479958534,
    0.006825690623372793,
    -0.8610154986381531,
    -0.5084061622619629
  ],
  "scale": [
    0.8727177381515503,
    0.8727177381515503,
    0.8727177381515503
  ]
}
